[
  {
    "id": 0,
    "img": "assets/images/user/user6.jpg",
    "firstName": "09482",
    "cuenta": "8886462",
    "codigoActividad": "1008",
    "lastName": "Riggs",
    "auxiliar": "Carlos Gonzales",
    "gender": "102678766",
    "phone": "26/12/2022",
    "email": "Mantenimiento",
    "age": 39,
    "address": "Bogota"
  },
  {
    "id": 1,
    "img": "assets/images/user/user3.jpg",
    "firstName": "02834",
    "cuenta": "555237",
    "codigoActividad": "1234",
    "lastName": "Newton",
    "auxiliar": "Julian Gonzales",
    "gender": "102678777",
    "phone": "26/12/2022",
    "email": "Mantenimiento",
    "age": 34,
    "address": "Bogota"
  },
  {
    "id": 2,
    "img": "assets/images/user/user8.jpg",
    "firstName": "1011767123",
    "cuenta": "0003848",
    "codigoActividad": "3333",
    "lastName": "Schneider",
    "auxiliar": "Daniel Castro",
    "gender": "102678788",
    "phone": "24/12/2022",
    "email": "Mantenimiento",
    "age": 32,
    "address": "Bogota"
  },
  {
    "id": 3,
    "img": "assets/images/user/user5.jpg",
    "firstName": "1011767100",
    "cuenta": "999283",
    "codigoActividad": "3333",
    "lastName": "Mann",
    "auxiliar": "Daniel Castro",
    "gender": "102078765",
    "phone": "21/12/2022",
    "email": "Arreglos",
    "age": 20,
    "address": "Medellin"
  },
  {
    "id": 4,
    "img": "assets/images/user/user3.jpg",
    "firstName": "9284778",
    "cuenta": "77625354",
    "codigoActividad": "3333",
    "lastName": "Vega",
    "auxiliar": "Oscar Vargas",
    "gender": "1011767122",
    "phone": "26/12/2022",
    "email": "Arreglos",
    "age": 37,
    "address": "Bogota"
  },
  {
    "id": 5,
    "img": "assets/images/user/user10.jpg",
    "firstName": "24355",
    "cuenta": "0003884",
    "codigoActividad": "1198",
    "lastName": "Abbott",
    "auxiliar": "Oscar mendez",
    "gender": "1011767111",
    "phone": "21/12/2022",
    "email": "Desconexion",
    "age": 27,
    "address": "Medellin"
  },
  {
    "id": 6,
    "img": "assets/images/user/user9.jpg",
    "firstName": "736234",
    "cuenta": "2228930",
    "codigoActividad": "2354",
    "lastName": "Pierce",
    "auxiliar": "Antonio ruiz",
    "gender": "1016767113",
    "phone": "26/12/2022",
    "email": "Desconexion",
    "age": 28,
    "address": "Cali"
  },
  {
    "id": 7,
    "img": "assets/images/user/user3.jpg",
    "firstName": "754234",
    "cuenta": "8886462",
    "codigoActividad": "1198",
    "lastName": "Norris",
    "auxiliar": "Diego Paez",
    "gender": "1015767183",
    "phone": "21/12/2022",
    "email": "Instalacion",
    "age": 40,
    "address": "Medellin"
  },
  {
    "id": 8,
    "img": "assets/images/user/user6.jpg",
    "firstName": "742345",
    "cuenta": "111847498",
    "codigoActividad": "1103",
    "lastName": "Sargent",
    "auxiliar": "Fernando Castro",
    "gender": "1032767183",
    "phone": "20/12/2022",
    "email": "Instalacion",
    "age": 38,
    "address": "Palmira"
  },
  {
    "id": 9,
    "img": "assets/images/user/user9.jpg",
    "firstName": "835233",
    "cuenta": "92983488",
    "codigoActividad": "1112",
    "lastName": "West",
    "auxiliar": "Giancarlo Perez",
    "gender": "1030767189",
    "phone": "20/12/2022",
    "email": "Instalacion",
    "age": 25,
    "address": "Palmira"
  },
  {
    "id": 10,
    "img": "assets/images/user/user3.jpg",
    "firstName": "663234",
    "cuenta": "66625353",
    "codigoActividad": "1103",
    "lastName": "Sims",
    "auxiliar": "Fabio solano",
    "gender": "1030767183",
    "phone": "26/12/2022",
    "email": "Instalacion",
    "age": 20,
    "address": "Palmira"
  },
  {
    "id": 11,
    "img": "assets/images/user/user5.jpg",
    "firstName": "067444",
    "cuenta": "1122443",
    "codigoActividad": "1103",
    "lastName": "Carr",
    "auxiliar": "Miguel Ramirez",
    "gender": "1103098908",
    "phone": "26/12/2022",
    "email": "Instalacion",
    "age": 40,
    "address": "Cali"
  },
  {
    "id": "002",
    "numberDocument": "1030542638",
    "img": "assets/images/user/user2.jpg",
    "fName": "Pooja",
    "lName": "Patel",
    "email": "test@email.com",
    "active": "no",
    "bDate": "1987-02-17T14:22:18Z",
    "rol": "Supervisor",
    "codeRol": "Sup",
    "charge":"Supervisor operaciones 2",
    "mobile": "1234567890",
    "operationCenter": "Bogota",
    "userAssignment":[
      {
        "id": "026",
        "numberDocument": "1030867345",
        "img": "assets/images/user/user1.jpg",
        "fName": "Diego",
        "lName": "Gonzales",
        "email": "test@email.com",
        "active": "si",
        "bDate": "1987-02-25T14:22:18Z",
        "rol": "Tecnico",
        "codeRol": "Tec",
        "charge":"Tecnico intalaciones",
        "mobile": "1234567890",
        "operationCenter": "Usa"
       
      },
      {
        "id": "002",
        "numberDocument": "1030542638",
        "img": "assets/images/user/user2.jpg",
        "fName": "Edwin",
        "lName": "vargas",
        "email": "test@email.com",
        "active": "no",
        "bDate": "1987-02-17T14:22:18Z",
        "rol": "Tecnico Auxiliar",
        "codeRol": "TecAux",
        "charge":"Auxiliar",
        "mobile": "1234567890",
        "operationCenter": "Bogota"
        
      } 
      
    ]
    
  } 
  
]
