[
  
  {
    "id": "002",
    "numberDocument": "1030542638",
    "img": "assets/images/user/user2.jpg",
    "fName": "Pooja",
    "lName": "Patel",
    "email": "test@email.com",
    "active": "no",
    "bDate": "1987-02-17T14:22:18Z",
    "rol": "Supervisor",
    "codeRol": "Sup",
    "charge":"Supervisor operaciones 2",
    "mobile": "1234567890",
    "operationCenter": "Bogota",
    "userAssignment":[
      {
        "id": "026",
        "numberDocument": "1030867345",
        "img": "assets/images/user/user1.jpg",
        "fName": "Diego",
        "lName": "Gonzales",
        "email": "test@email.com",
        "active": "si",
        "bDate": "1987-02-25T14:22:18Z",
        "rol": "Tecnico",
        "codeRol": "Tec",
        "charge":"Tecnico intalaciones",
        "mobile": "1234567890",
        "operationCenter": "Usa"
       
      },
      {
        "id": "002",
        "numberDocument": "1030542638",
        "img": "assets/images/user/user2.jpg",
        "fName": "Edwin",
        "lName": "vargas",
        "email": "test@email.com",
        "active": "no",
        "bDate": "1987-02-17T14:22:18Z",
        "rol": "Tecnico Auxiliar",
        "codeRol": "TecAux",
        "charge":"Auxiliar",
        "mobile": "1234567890",
        "operationCenter": "Bogota"
        
      } 
      
    ]
    
  } 
  
]
